Serial Number,Name,Age,Location,Salary,Designation,Department
1,Matthew Brooks,34,Williamsside,78423,Analyst,Finance
2,Victoria Wong,24,Kimberlytown,103701,Salesperson,Engineering
3,Michael Lopez,51,Michaelview,109202,Engineer,Engineering
4,Mark Hoover,27,Andersonmouth,93388,Manager,Operations
5,Christina Hernandez,34,Anneton,88191,Engineer,Operations
6,Joy Howell,44,Mosesborough,46776,Analyst,Sales
7,Blake Thompson,35,Alanville,108685,Analyst,HR
8,Ryan Cox,49,Terriside,70461,Clerk,Operations
9,Joshua Harrison,60,North Michelleton,103871,HR Specialist,Finance
10,Amanda Brown,49,Lake Bradley,111183,HR Specialist,HR
11,Laura Cameron,42,Michaelmouth,54427,Manager,Sales
12,Caitlyn White,54,Williamton,72135,Engineer,Finance
13,Brittany Kim,41,Lake Stevenshire,50720,Engineer,HR
14,Hayden Harris,28,Anthonyborough,48850,Manager,Operations
15,Maria Hensley,33,Port Sean,45124,Analyst,IT
16,Erika Austin,44,New Jeffrey,79797,Clerk,Engineering
17,Julie Peterson,34,Port Whitney,111824,Manager,Operations
18,Alexander Rice,43,Deniseport,112558,Salesperson,Finance
19,Melissa Ross,57,New Michaelchester,50118,Salesperson,Sales
20,Benjamin Elliott,48,Port Kelly,77618,HR Specialist,Operations
21,Mark Diaz,23,Justintown,43523,Salesperson,Engineering
22,Makayla Jones,33,Port Hannahport,55466,Engineer,IT
23,Mikayla Richard,44,South Tarachester,44291,Engineer,Operations
24,Carolyn Bass,46,Penaton,73511,Analyst,Finance
25,Thomas Murray,26,Markborough,71269,HR Specialist,HR
26,Mr. Michael Anderson,51,Port Kimberlyview,81166,Engineer,Sales
27,Ashlee Phillips,60,Lisatown,69521,Salesperson,HR
28,Gwendolyn Gates,27,Reyesport,59733,Clerk,Finance
29,Jesse Valdez,29,Williamsmouth,87697,Engineer,IT
30,Lynn Jenkins,34,Emilyview,52560,Analyst,HR
31,Bryan Wagner,41,Reedside,53157,Analyst,Engineering
32,Jillian Hansen,55,East Darlenehaven,68419,Clerk,Finance
33,Christina Ramirez,47,East Erik,48241,Clerk,Operations
34,Jonathan Martinez MD,45,Jenkinsmouth,83922,Salesperson,Finance
35,Andrea Tucker,45,South Shelby,72198,Analyst,IT
36,Michelle Wall,49,Lake Robert,86198,Salesperson,Operations
37,Chad Moore,22,South Michael,81611,Salesperson,HR
38,Angelica Smith,25,Simpsonbury,45984,Analyst,IT
39,Brenda Jackson,40,Courtneyburgh,51906,Analyst,Finance
40,Richard Cox,25,Bonillaborough,79516,HR Specialist,Operations
41,Daniel Contreras,28,East Tammyland,94836,Clerk,IT
42,Briana Sherman,51,Garyland,98362,Manager,Engineering
43,John Lewis,53,West Shawnfort,63884,Manager,IT
44,Anthony Burns,45,Summershaven,98614,Clerk,HR
45,Christopher Keller,26,West Lisa,63832,Analyst,Sales
46,Jennifer Brown,31,Pamelahaven,89752,Clerk,Sales
47,Mr. Jack Ward,24,South Michaelview,55156,Analyst,Operations
48,Tamara Williams,54,West Eddie,108961,Salesperson,HR
49,Allen Flores,45,Port Davidchester,44232,Salesperson,IT
50,Kelsey Stanley,36,Lake Micheal,96562,Salesperson,Sales
51,Charles Obrien,33,Amyside,44461,Manager,Operations
52,Monica Mata,31,Ericview,65030,Engineer,Finance
53,Jennifer Harvey,50,Callahanview,113810,HR Specialist,Operations
54,Linda Morgan,52,Rebeccamouth,54241,HR Specialist,Engineering
55,Lindsey Parker,38,East Diana,41560,Analyst,Sales
56,Carlos White,48,Edwardton,108537,Manager,Finance
57,Norman Morton,32,Sanchezport,84205,Analyst,Engineering
58,Dustin Reed,37,North Beth,95370,Engineer,Finance
59,Amanda Soto,31,West Daniel,72850,Analyst,Operations
60,Wendy King,27,North Ana,91099,HR Specialist,Sales
61,Erin Griffin,46,East Tammyview,63993,Analyst,Sales
62,Ashley Wise,27,Lisaburgh,80315,Manager,Sales
63,Eric Ellis,54,Lake Julia,119495,Analyst,Engineering
64,Jonathan Cervantes,56,Riosland,102529,Salesperson,Engineering
65,Natalie Rivera,30,Juarezshire,91830,Salesperson,Operations
66,Andrew Rogers,56,Jenniferland,87091,Clerk,Operations
67,Allen Russell,29,Thomasshire,47849,Manager,HR
68,Monique Smith,56,North Tammyton,102529,Engineer,HR
69,Natalie Pierce,53,New Micheleville,83434,Engineer,IT
70,Jason Strickland,58,North Ryan,110687,Salesperson,IT
71,Amanda Morales,26,Lake Joseph,101811,Manager,HR
72,Adam Perez MD,60,Davisbury,85687,HR Specialist,Finance
73,Ashley Wilson,39,North Lisafort,100107,Clerk,Engineering
74,Stacy Graves,45,Port Donhaven,116092,Clerk,Finance
75,Lindsey Scott,44,Lake Susan,78453,Engineer,Engineering
76,David Gonzalez,44,South Kristenborough,49224,Engineer,Operations
77,Destiny Frost,56,Lake Kevin,79277,HR Specialist,Operations
78,Robin Horton,38,Brendafurt,102828,Analyst,Sales
79,Joshua Mitchell,23,Kathleenport,115580,Manager,Finance
80,Willie Brown,47,North Amy,56505,Manager,HR
81,Patricia Ramsey,59,Kaylahaven,71373,Clerk,HR
82,David Ramirez,26,New Taylorbury,40847,Manager,Finance
83,Lisa Carpenter,30,Lake Jessicatown,109216,Clerk,IT
84,Connie Brown,29,Mikaylaberg,81466,HR Specialist,Sales
85,Megan Berry,58,Mirandaton,92802,Salesperson,Finance
86,Shannon Perkins,40,Riosmouth,92648,Salesperson,Operations
87,Angela Simon,55,Brittanyborough,74511,Analyst,Engineering
88,Amanda Archer,39,Lawrenceside,102306,Manager,Sales
89,Tiffany Thomas,47,Hunterhaven,40232,Manager,HR
90,Angela Crawford,48,West Ashleyport,95963,Clerk,Sales
91,Miranda Yates,22,New Williamchester,115094,Engineer,Operations
92,Timothy Mason,27,Cassandratown,56702,Salesperson,IT
93,Christina Collins DDS,30,Port Jonathanshire,112293,Engineer,HR
94,Dale Dennis,38,West Dianamouth,119698,Salesperson,HR
95,Heather Reynolds,33,Santanahaven,61966,Salesperson,Engineering
96,Andrea Hopkins,26,Jacobtown,76059,HR Specialist,Finance
97,Randy Martin,50,East Leslie,58071,Manager,IT
98,Colleen Flores,23,Briannaport,49324,Analyst,Operations
99,Michelle Estrada,39,East Kennethstad,118532,Salesperson,Engineering
100,Thomas Hunter,59,South Dominicberg,59102,Manager,Operations
